{"indexes":[{"v":{"$numberInt":"2"},"key":{"_id":{"$numberInt":"1"}},"name":"_id_"},{"v":{"$numberInt":"2"},"key":{"name":{"$numberInt":"1"}},"name":"name_1","background":true,"unique":true},{"v":{"$numberInt":"2"},"key":{"url":{"$numberInt":"1"}},"name":"url_1","background":true,"unique":true},{"v":{"$numberInt":"2"},"key":{"created":{"$numberInt":"1"}},"name":"created_1","background":true},{"v":{"$numberInt":"2"},"key":{"created":{"$numberInt":"-1"}},"name":"created_-1","background":true}],"uuid":"ca8b173ba11c479ca90d052e2f640d92","collectionName":"links","type":"collection"}