{"indexes":[{"v":{"$numberInt":"2"},"key":{"_id":{"$numberInt":"1"}},"name":"_id_"},{"v":{"$numberInt":"2"},"key":{"created":{"$numberInt":"1"}},"name":"created_1","background":true},{"v":{"$numberInt":"2"},"key":{"modified":{"$numberInt":"-1"}},"name":"modified_-1","background":true},{"v":{"$numberInt":"2"},"key":{"_fts":"text","_ftsx":{"$numberInt":"1"}},"name":"text_text","background":true,"weights":{"text":{"$numberInt":"1"}},"default_language":"english","language_override":"language","textIndexVersion":{"$numberInt":"3"}},{"v":{"$numberInt":"2"},"key":{"nid":{"$numberInt":"1"}},"name":"nid_1","background":true,"unique":true},{"v":{"$numberInt":"2"},"key":{"created":{"$numberInt":"-1"}},"name":"created_-1","background":true},{"v":{"$numberInt":"2"},"key":{"nid":{"$numberInt":"-1"}},"name":"nid_-1","background":true}],"uuid":"6e440d7f555c4597af9f3bc529933cc3","collectionName":"notes","type":"collection"}