{"indexes":[{"v":{"$numberInt":"2"},"key":{"_id":{"$numberInt":"1"}},"name":"_id_"},{"v":{"$numberInt":"2"},"key":{"slug":{"$numberInt":"1"}},"name":"slug_1","background":true,"unique":true},{"v":{"$numberInt":"2"},"key":{"created":{"$numberInt":"-1"}},"name":"created_-1","background":true},{"v":{"$numberInt":"2"},"key":{"title":{"$numberInt":"1"}},"name":"title_1","background":true},{"v":{"$numberInt":"2"},"key":{"created":{"$numberInt":"1"}},"name":"created_1","background":true}],"uuid":"044057c44f8b4c91935486867a154562","collectionName":"pages","type":"collection"}