{"indexes":[{"v":{"$numberInt":"2"},"key":{"_id":{"$numberInt":"1"}},"name":"_id_"},{"v":{"$numberInt":"2"},"key":{"created":{"$numberInt":"1"}},"name":"created_1","background":true},{"v":{"$numberInt":"2"},"key":{"created":{"$numberInt":"-1"}},"name":"created_-1","background":true},{"v":{"$numberInt":"2"},"key":{"type":{"$numberInt":"1"}},"name":"type_1","background":true},{"v":{"$numberInt":"2"},"key":{"name":{"$numberInt":"1"},"reference":{"$numberInt":"1"}},"name":"name_1_reference_1","background":true}],"uuid":"c556f6967bd84063a29eeebb174e811c","collectionName":"snippets","type":"collection"}