{"indexes":[{"v":{"$numberInt":"2"},"key":{"_id":{"$numberInt":"1"}},"name":"_id_"},{"v":{"$numberInt":"2"},"key":{"name":{"$numberInt":"1"}},"name":"name_1","background":true,"unique":true},{"v":{"$numberInt":"2"},"key":{"slug":{"$numberInt":"1"}},"name":"slug_1","background":true,"unique":true},{"v":{"$numberInt":"2"},"key":{"created":{"$numberInt":"1"}},"name":"created_1","background":true},{"v":{"$numberInt":"2"},"key":{"created":{"$numberInt":"-1"}},"name":"created_-1","background":true}],"uuid":"bca4d183dc5341b094a2aae0547b75e3","collectionName":"topics","type":"collection"}